"Ism","Familiya","Email","Telefon","Bolalar","Holat"
"Zuhra","Ibragimova","t.abandon@tmm3.uz","+998901239900","","Faol"
"Nozima","Umarova","otaona69@tmm3.uz","+998937843299","","Faol"
"Sevinch","Qodirova","otaona68@tmm3.uz","+998940957299","","Faol"
"Oysha","Sharipova","otaona67@tmm3.uz","+998954432999","","Faol"
"Sevinch","Rasulova","otaona66@tmm3.uz","+998989219799","","Faol"
"Sevinch","Sobirova","otaona65@tmm3.uz","+998937782099","","Faol"
"Mohira","Jo‘rayeva","otaona64@tmm3.uz","+998991753299","","Faol"
"Dilnoza","Karimova","otaona63@tmm3.uz","+998968473899","","Faol"
"Mohira","Sharipova","otaona62@tmm3.uz","+998987426999","","Faol"
"Shahzoda","Qodirova","otaona61@tmm3.uz","+998929842299","","Faol"
"Kamola","Abdullayeva","otaona59@tmm3.uz","+998961638399","","Faol"
"Malika","Sultonova","otaona58@tmm3.uz","+998947120499","","Faol"
"Zilola","Ismoilova","otaona57@tmm3.uz","+998934015599","","Faol"
"Mohira","Rahimova","otaona56@tmm3.uz","+998985497399","","Faol"
"Nozima","Rasulova","otaona55@tmm3.uz","+998989190099","","Faol"
"Muslima","Abdullayeva","otaona54@tmm3.uz","+998925740999","","Faol"
"Sevinch","Rahimova","otaona53@tmm3.uz","+998996936399","","Faol"
"Robiya","Yusupova","otaona52@tmm3.uz","+998939270699","","Faol"
"Madina","Ergasheva","otaona51@tmm3.uz","+998997624899","","Faol"
"Zilola","Yusupova","otaona410@tmm3.uz","+998944088399","","Faol"
"Kamola","Mirzayeva","otaona49@tmm3.uz","+998954868599","","Faol"
"Malika","Nazarova","otaona48@tmm3.uz","+998980015499","","Faol"
"Muslima","Ochilova","otaona47@tmm3.uz","+998994300299","","Faol"
"Gulnoza","Rahimova","otaona46@tmm3.uz","+998950245299","","Faol"
"Zaynab","Karimova","otaona45@tmm3.uz","+998963532899","","Faol"
"Oysha","Ismoilova","otaona44@tmm3.uz","+998916191999","","Faol"
"Kamola","Ne’matova","otaona43@tmm3.uz","+998982552599","","Faol"
"Kamola","Ne’matova","otaona42@tmm3.uz","+998939591999","","Faol"
"Malika","Ochilova","otaona41@tmm3.uz","+998913696299","","Faol"
"Nozima","Sultonova","otaona310@tmm3.uz","+998961117299","","Faol"
"Shahzoda","Xolmatova","otaona39@tmm3.uz","+998919080099","","Faol"
"Sarvinoz","Sobirova","otaona38@tmm3.uz","+998976244499","","Faol"
"Muslima","Sharipova","otaona37@tmm3.uz","+998914521599","","Faol"
"Malika","Rahimova","otaona36@tmm3.uz","+998957519999","","Faol"
"Gulnoza","Sultonova","otaona35@tmm3.uz","+998974317599","","Faol"
"Shahzoda","Xolmatova","otaona34@tmm3.uz","+998924230799","","Faol"
"Mohira","Ismoilova","otaona33@tmm3.uz","+998981784899","","Faol"
"Sarvinoz","Qodirova","otaona32@tmm3.uz","+998960715899","","Faol"
"Rayhona","Ismoilova","otaona31@tmm3.uz","+998961577199","","Faol"
"Muslima","Sharipova","otaona211@tmm3.uz","+998925584399","","Faol"
"Nafisa","Tursunova","otaona210@tmm3.uz","+998959206599","","Faol"
"Zilola","Mirzayeva","otaona29@tmm3.uz","+998969209199","","Faol"
"Zilola","Nazarova","otaona28@tmm3.uz","+998943455699","","Faol"
"Oysha","Tursunova","otaona27@tmm3.uz","+998917061399","","Faol"
"Nozima","Ismoilova","otaona26@tmm3.uz","+998960637599","","Faol"
"Shahzoda","Tursunova","otaona112@tmm3.uz","+998918072099","","Faol"
"Nozima","Jo‘rayeva","otaona111@tmm3.uz","+998958119399","","Faol"
"Sarvinoz","Ergasheva","otaona110@tmm3.uz","+998953007399","","Faol"
"Sevinch","Rahimova","otaona19@tmm3.uz","+998975058299","","Faol"
"Sabina","Rahimova","otaona18@tmm3.uz","+998979147899","","Faol"
"Mavluda","Rahimova","m.rahimova@tmm3.uz","+998901234503","","Faol"
"Oysha","Ismoilova","otaona25@tmm3.uz","+998918072099","","Faol"
"Rayhona","Sharipova","otaona24@tmm3.uz","+998958119399","","Faol"
"Nozima","Ergasheva","otaona23@tmm3.uz","+998953007399","","Faol"
"Dilnoza","Toshmatova","otaona22@tmm3.uz","+998975058299","","Faol"
"Zilola","Sobirova","otaona21@tmm3.uz","+998979147899","","Faol"
"Zaynab","Tursunova","otaona17@tmm3.uz","+998932508099","","Faol"
"Nozima","Mirzayeva","otaona16@tmm3.uz","+998976066299","","Faol"
"Zebo","Mirzayeva","otaona15@tmm3.uz","+998969354999","","Faol"
"Zaynab","Sultonova","otaona14@tmm3.uz","+998986014899","","Faol"
"Madina","Sharipova","otaona13@tmm3.uz","+998945252099","","Faol"
"Zebo","Umarova","otaona12@tmm3.uz","+998997223499","","Faol"
"Rayhona","Ergasheva","otaona11@tmm3.uz","+998936753399","","Faol"