firstName,lastName,dateOfBirth,gender,disabilityType,class,teacher,parentEmail
,Yozuvsiz,2019-01-01,Female,Autizm,Umid guruhi,Zebo Ashurova,otaona11@tmm3.uz
SIM-Sana,Xato,14-03-2019,Male,Nutq,Umid guruhi,Zebo Ashurova,otaona11@tmm3.uz
SIM-Kelajak,Sana,2031-05-05,Female,Nutq,Umid guruhi,Zebo Ashurova,otaona11@tmm3.uz
SIM-Jins,Notogri,2019-04-04,Erkak,Nutq,Umid guruhi,Zebo Ashurova,otaona11@tmm3.uz
SIM-Email,Buzuq,2019-05-05,Male,Nutq,Umid guruhi,Zebo Ashurova,not-an-email
SIM-Yoq,Otaona,2019-06-06,Male,Nutq,Umid guruhi,Zebo Ashurova,mavjudemas@tmm3.uz
SIM-Takror,Nusxa,2019-07-07,Female,Nutq,Umid guruhi,Zebo Ashurova,otaona11@tmm3.uz
SIM-Takror,Nusxa,2019-07-07,Female,Nutq,Umid guruhi,Zebo Ashurova,otaona11@tmm3.uz
SIM-Yaxshi,Qator,2019-08-08,Male,Nutq,Umid guruhi,Zebo Ashurova,otaona12@tmm3.uz
